,Time,P1,P3,P5,P7,P10,P15,P16,P19,P20,P23,P24,P27,P27.1,altitude
156,25.8139,62033.00000000001,59691.99999999999,61766.47612208258,61473.03448275862,48572.0,52444.93572710951,50762.00000000001,43965.67971274685,44539.93103448276,36282.01867145421,40799.93103448276,31867.191023339317,31867.191023339317,8.293931777378814
215,36.0864,28263.0,27519.0,27495.06451612905,28364.05876068376,27312.0,21512.67741935484,20934.00641025641,16454.12903225808,16572.48076923077,12595.96774193549,40806.64957264957,9841.483870967748,9841.483870967748,16.32668010752688
271,49.8099,3418.0,3282.0,3573.3634741225464,3579.269269269272,3419.0,2559.606781677573,2450.21721721722,1936.4295062462825,1801.378378378379,1544.9309934562764,40803.84884884885,1123.246281975015,1123.246281975015,32.98834423953996
